date,cash,gross_exposure,net_exposure,equity,pnl_day,pnl_cum,n_positions
2025-10-09,10000.870000,0.000000,0.000000,10000.870000,0.000000,0.870000,1
2025-10-10,10001.800000,0.000000,0.000000,10001.800000,0.930000,1.800000,1
2025-10-11,10002.150000,0.000000,0.000000,10002.150000,0.350000,2.150000,1
2025-10-12,10003.130000,0.000000,0.000000,10003.130000,0.980000,3.130000,1
2025-10-13,10003.920000,0.000000,0.000000,10003.920000,0.790000,3.920000,1
2025-10-14,10005.060000,0.000000,0.000000,10005.060000,1.140000,5.060000,1
2025-10-15,10005.910000,0.000000,0.000000,10005.910000,0.850000,5.910000,1
2025-10-16,10006.200000,0.000000,0.000000,10006.200000,0.290000,6.200000,1
2025-10-17,10006.980000,0.000000,0.000000,10006.980000,0.790000,6.980000,1
2025-10-18,10007.500000,0.000000,0.000000,10007.500000,0.520000,7.500000,1
2025-10-19,10007.730000,0.000000,0.000000,10007.730000,0.240000,7.730000,1
2025-10-20,10008.950000,0.000000,0.000000,10008.950000,1.220000,8.950000,1
2025-10-21,10011.140000,0.000000,0.000000,10011.140000,2.190000,11.140000,1
2025-10-22,10011.860000,0.000000,0.000000,10011.860000,0.730000,11.860000,1
2025-10-23,10012.290000,0.000000,0.000000,10012.290000,0.430000,12.290000,1
2025-10-24,10012.760000,0.000000,0.000000,10012.760000,0.470000,12.760000,1
2025-10-25,10013.350000,0.000000,0.000000,10013.350000,0.590000,13.350000,1
2025-10-26,10014.380000,0.000000,0.000000,10014.380000,1.020000,14.380000,1
2025-10-27,10015.460000,0.000000,0.000000,10015.460000,1.080000,15.460000,1
2025-10-28,10015.520000,0.000000,0.000000,10015.520000,0.060000,15.520000,1
2025-10-29,10016.490000,0.000000,0.000000,10016.490000,0.970000,16.490000,1
2025-10-30,10017.570000,0.000000,0.000000,10017.570000,1.090000,17.570000,1
2025-10-31,10018.310000,0.000000,0.000000,10018.310000,0.730000,18.310000,1
2025-11-01,10019.380000,0.000000,0.000000,10019.380000,1.070000,19.380000,1
2025-11-02,10021.130000,0.000000,0.000000,10021.130000,1.750000,21.130000,1
2025-11-03,10021.640000,0.000000,0.000000,10021.640000,0.510000,21.640000,1
2025-11-04,10022.350000,0.000000,0.000000,10022.350000,0.710000,22.350000,1
2025-11-05,10024.140000,0.000000,0.000000,10024.140000,1.790000,24.140000,1
2025-11-06,10024.830000,0.000000,0.000000,10024.830000,0.690000,24.830000,1
2025-11-07,10027.650000,0.000000,0.000000,10027.650000,2.820000,27.650000,1
2025-11-08,10027.970000,0.000000,0.000000,10027.970000,0.330000,27.970000,1
2025-11-09,10029.060000,0.000000,0.000000,10029.060000,1.080000,29.060000,1
2025-11-10,10030.580000,0.000000,0.000000,10030.580000,1.530000,30.580000,1
2025-11-11,10031.070000,0.000000,0.000000,10031.070000,0.480000,31.070000,1
2025-11-12,10032.180000,0.000000,0.000000,10032.180000,1.110000,32.180000,1
2025-11-13,10032.530000,0.000000,0.000000,10032.530000,0.360000,32.530000,1
2025-11-14,10033.150000,0.000000,0.000000,10033.150000,0.620000,33.150000,1
2025-11-15,10034.340000,0.000000,0.000000,10034.340000,1.180000,34.340000,1
2025-11-16,10036.560000,0.000000,0.000000,10036.560000,2.220000,36.560000,1
2025-11-17,10037.240000,0.000000,0.000000,10037.240000,0.680000,37.240000,1
2025-11-18,10039.100000,0.000000,0.000000,10039.100000,1.860000,39.100000,1
2025-11-19,10039.850000,0.000000,0.000000,10039.850000,0.750000,39.850000,1
2025-11-20,10040.300000,0.000000,0.000000,10040.300000,0.450000,40.300000,1
2025-11-21,10041.430000,0.000000,0.000000,10041.430000,1.130000,41.430000,1
2025-11-22,10041.940000,0.000000,0.000000,10041.940000,0.510000,41.940000,1
2025-11-23,10041.860000,0.000000,0.000000,10041.860000,-0.080000,41.860000,1
2025-11-24,10042.570000,0.000000,0.000000,10042.570000,0.710000,42.570000,1
2025-11-25,10042.810000,0.000000,0.000000,10042.810000,0.240000,42.810000,1
2025-11-26,10043.400000,0.000000,0.000000,10043.400000,0.590000,43.400000,1
2025-11-27,10043.750000,0.000000,0.000000,10043.750000,0.350000,43.750000,1
2025-11-28,10043.960000,0.000000,0.000000,10043.960000,0.210000,43.960000,1
2025-11-29,10043.680000,0.000000,0.000000,10043.680000,-0.270000,43.680000,1
2025-11-30,10044.420000,0.000000,0.000000,10044.420000,0.740000,44.420000,1
2025-12-01,10044.740000,0.000000,0.000000,10044.740000,0.310000,44.740000,1
2025-12-02,10046.870000,0.000000,0.000000,10046.870000,2.130000,46.870000,1
2025-12-03,10046.780000,0.000000,0.000000,10046.780000,-0.090000,46.780000,1
2025-12-04,10048.220000,0.000000,0.000000,10048.220000,1.440000,48.220000,1
2025-12-05,10047.800000,0.000000,0.000000,10047.800000,-0.420000,47.800000,1
2025-12-14,10049.100000,0.000000,0.000000,10049.100000,1.300000,49.100000,1
2025-12-15,10049.770000,0.000000,0.000000,10049.770000,0.670000,49.770000,1
2025-12-16,10049.760000,0.000000,0.000000,10049.760000,-0.010000,49.760000,1
2025-12-17,10050.090000,0.000000,0.000000,10050.090000,0.330000,50.090000,1
2025-12-18,10050.920000,0.000000,0.000000,10050.920000,0.830000,50.920000,1
2025-12-19,10051.350000,0.000000,0.000000,10051.350000,0.430000,51.350000,1
2025-12-20,10051.600000,0.000000,0.000000,10051.600000,0.260000,51.600000,1
2025-12-21,10051.740000,0.000000,0.000000,10051.740000,0.140000,51.740000,1
2025-12-22,10051.650000,0.000000,0.000000,10051.650000,-0.090000,51.650000,1
2025-12-23,10051.600000,0.000000,0.000000,10051.600000,-0.050000,51.600000,1
2025-12-24,10051.550000,0.000000,0.000000,10051.550000,-0.050000,51.550000,1
2025-12-25,10051.480000,0.000000,0.000000,10051.480000,-0.070000,51.480000,1
2025-12-26,10051.890000,0.000000,0.000000,10051.890000,0.410000,51.890000,1
2025-12-27,10051.800000,0.000000,0.000000,10051.800000,-0.090000,51.800000,1
2025-12-28,10051.670000,0.000000,0.000000,10051.670000,-0.130000,51.670000,1
2025-12-29,10052.330000,0.000000,0.000000,10052.330000,0.660000,52.330000,1
2025-12-30,10053.210000,0.000000,0.000000,10053.210000,0.890000,53.210000,1
2025-12-31,10053.760000,0.000000,0.000000,10053.760000,0.550000,53.760000,1
2026-01-01,10053.820000,0.000000,0.000000,10053.820000,0.060000,53.820000,1
2026-01-02,10054.190000,0.000000,0.000000,10054.190000,0.380000,54.190000,1
2026-01-03,10054.580000,0.000000,0.000000,10054.580000,0.380000,54.580000,1
2026-01-04,10054.820000,0.000000,0.000000,10054.820000,0.240000,54.820000,1
2026-01-05,10054.860000,0.000000,0.000000,10054.860000,0.030000,54.860000,1
2026-01-06,10055.300000,0.000000,0.000000,10055.300000,0.440000,55.300000,1
2026-01-07,10055.490000,0.000000,0.000000,10055.490000,0.190000,55.490000,1
2026-01-08,10055.770000,0.000000,0.000000,10055.770000,0.280000,55.770000,1
2026-01-09,10055.890000,0.000000,0.000000,10055.890000,0.120000,55.890000,1
2026-01-10,10056.770000,0.000000,0.000000,10056.770000,0.870000,56.770000,1
2026-01-11,10057.290000,0.000000,0.000000,10057.290000,0.520000,57.290000,1
2026-01-12,10057.630000,0.000000,0.000000,10057.630000,0.340000,57.630000,1
2026-01-13,10057.720000,0.000000,0.000000,10057.720000,0.100000,57.720000,1
2026-01-14,10058.410000,0.000000,0.000000,10058.410000,0.690000,58.410000,1
2026-01-15,10059.380000,0.000000,0.000000,10059.380000,0.970000,59.380000,1
2026-01-16,10060.060000,0.000000,0.000000,10060.060000,0.680000,60.060000,1
2026-01-17,10060.980000,0.000000,0.000000,10060.980000,0.920000,60.980000,1
2026-01-18,10061.600000,0.000000,0.000000,10061.600000,0.620000,61.600000,1
2026-01-19,10062.140000,0.000000,0.000000,10062.140000,0.550000,62.140000,1
2026-01-20,10062.930000,0.000000,0.000000,10062.930000,0.790000,62.930000,1
2026-01-21,10063.100000,0.000000,0.000000,10063.100000,0.170000,63.100000,1
2026-01-22,10063.040000,0.000000,0.000000,10063.040000,-0.060000,63.040000,1
2026-01-23,10062.620000,0.000000,0.000000,10062.620000,-0.420000,62.620000,1
2026-01-24,10066.620000,0.000000,0.000000,10066.620000,3.990000,66.620000,1
2026-01-25,10090.160000,0.000000,0.000000,10090.160000,23.550000,90.160000,1
2026-01-26,10121.810000,0.000000,0.000000,10121.810000,31.640000,121.810000,1
2026-01-27,10124.770000,0.000000,0.000000,10124.770000,2.960000,124.770000,1
2026-01-28,10127.440000,0.000000,0.000000,10127.440000,2.670000,127.440000,1
2026-01-29,10128.340000,0.000000,0.000000,10128.340000,0.900000,128.340000,1
2026-01-30,10129.900000,0.000000,0.000000,10129.900000,1.560000,129.900000,1
2026-01-31,10129.830000,0.000000,0.000000,10129.830000,-0.060000,129.830000,1
2026-02-01,10131.020000,0.000000,0.000000,10131.020000,1.180000,131.020000,1
2026-02-02,10131.440000,0.000000,0.000000,10131.440000,0.430000,131.440000,1
2026-02-03,10131.930000,0.000000,0.000000,10131.930000,0.480000,131.930000,1
2026-02-04,10132.900000,0.000000,0.000000,10132.900000,0.970000,132.900000,1
2026-02-05,10133.590000,0.000000,0.000000,10133.590000,0.690000,133.590000,1
2026-02-06,10134.090000,0.000000,0.000000,10134.090000,0.510000,134.090000,1
2026-02-07,10134.560000,0.000000,0.000000,10134.560000,0.470000,134.560000,1
2026-02-08,10134.740000,0.000000,0.000000,10134.740000,0.180000,134.740000,1
2026-02-09,10135.010000,0.000000,0.000000,10135.010000,0.270000,135.010000,1
2026-02-10,10135.130000,0.000000,0.000000,10135.130000,0.120000,135.130000,1
2026-02-11,10135.410000,0.000000,0.000000,10135.410000,0.270000,135.410000,1
2026-02-12,10135.540000,0.000000,0.000000,10135.540000,0.140000,135.540000,1
2026-02-13,10135.270000,0.000000,0.000000,10135.270000,-0.270000,135.270000,1
2026-02-14,10135.040000,0.000000,0.000000,10135.040000,-0.230000,135.040000,1
2026-02-15,10135.670000,0.000000,0.000000,10135.670000,0.620000,135.670000,1
2026-02-16,10135.820000,0.000000,0.000000,10135.820000,0.160000,135.820000,1
2026-02-17,10136.150000,0.000000,0.000000,10136.150000,0.330000,136.150000,1
2026-02-18,10136.160000,0.000000,0.000000,10136.160000,0.010000,136.160000,1
2026-02-19,10136.340000,0.000000,0.000000,10136.340000,0.180000,136.340000,1
2026-02-20,10136.160000,0.000000,0.000000,10136.160000,-0.180000,136.160000,1
2026-02-21,10136.250000,0.000000,0.000000,10136.250000,0.100000,136.250000,1
2026-02-22,10136.810000,0.000000,0.000000,10136.810000,0.550000,136.810000,1
2026-02-23,10137.340000,0.000000,0.000000,10137.340000,0.530000,137.340000,1
2026-02-24,10137.600000,0.000000,0.000000,10137.600000,0.260000,137.600000,1
2026-02-25,10137.870000,0.000000,0.000000,10137.870000,0.270000,137.870000,1
2026-02-26,10138.190000,0.000000,0.000000,10138.190000,0.320000,138.190000,1
2026-02-27,10138.620000,0.000000,0.000000,10138.620000,0.440000,138.620000,1
2026-02-28,10139.040000,0.000000,0.000000,10139.040000,0.420000,139.040000,1
2026-03-01,10139.270000,0.000000,0.000000,10139.270000,0.230000,139.270000,1
2026-03-02,10139.380000,0.000000,0.000000,10139.380000,0.110000,139.380000,1
2026-03-03,10139.850000,0.000000,0.000000,10139.850000,0.470000,139.850000,1
2026-03-04,10140.490000,0.000000,0.000000,10140.490000,0.640000,140.490000,1
2026-03-05,10140.450000,0.000000,0.000000,10140.450000,-0.040000,140.450000,1
2026-03-06,10140.810000,0.000000,0.000000,10140.810000,0.360000,140.810000,1
2026-03-07,10141.320000,0.000000,0.000000,10141.320000,0.500000,141.320000,1
2026-03-08,10141.290000,0.000000,0.000000,10141.290000,-0.030000,141.290000,1
2026-03-09,10141.070000,0.000000,0.000000,10141.070000,-0.220000,141.070000,1
2026-03-10,10141.310000,0.000000,0.000000,10141.310000,0.240000,141.310000,1
2026-03-11,10141.450000,0.000000,0.000000,10141.450000,0.140000,141.450000,1
2026-03-12,10142.140000,0.000000,0.000000,10142.140000,0.690000,142.140000,1
2026-03-13,10142.850000,0.000000,0.000000,10142.850000,0.710000,142.850000,1
2026-03-14,10143.230000,0.000000,0.000000,10143.230000,0.380000,143.230000,1
2026-03-15,10143.600000,0.000000,0.000000,10143.600000,0.370000,143.600000,1
2026-03-16,10145.650000,0.000000,0.000000,10145.650000,2.050000,145.650000,1
2026-03-17,10145.890000,0.000000,0.000000,10145.890000,0.240000,145.890000,1
2026-03-18,10146.600000,0.000000,0.000000,10146.600000,0.720000,146.600000,1
2026-03-19,10147.510000,0.000000,0.000000,10147.510000,0.900000,147.510000,1
2026-03-20,10148.690000,0.000000,0.000000,10148.690000,1.180000,148.690000,1
2026-03-21,10149.240000,0.000000,0.000000,10149.240000,0.550000,149.240000,1
2026-03-22,10149.730000,0.000000,0.000000,10149.730000,0.490000,149.730000,1
2026-03-23,10152.030000,0.000000,0.000000,10152.030000,2.290000,152.030000,1
2026-03-24,10152.470000,0.000000,0.000000,10152.470000,0.450000,152.470000,1
2026-03-25,10152.810000,0.000000,0.000000,10152.810000,0.330000,152.810000,1
2026-03-26,10153.170000,0.000000,0.000000,10153.170000,0.370000,153.170000,1
2026-03-27,10153.270000,0.000000,0.000000,10153.270000,0.100000,153.270000,1
2026-03-28,10153.080000,0.000000,0.000000,10153.080000,-0.190000,153.080000,1
2026-03-29,10153.280000,0.000000,0.000000,10153.280000,0.200000,153.280000,1
2026-03-30,10153.480000,0.000000,0.000000,10153.480000,0.200000,153.480000,1
2026-03-31,10153.820000,0.000000,0.000000,10153.820000,0.340000,153.820000,1
2026-04-01,10154.270000,0.000000,0.000000,10154.270000,0.440000,154.270000,1
2026-04-02,10154.280000,0.000000,0.000000,10154.280000,0.010000,154.280000,1
2026-04-03,10155.000000,0.000000,0.000000,10155.000000,0.730000,155.000000,1
2026-04-04,10155.990000,0.000000,0.000000,10155.990000,0.990000,155.990000,1
2026-04-05,10156.870000,0.000000,0.000000,10156.870000,0.870000,156.870000,1
2026-04-06,10157.620000,0.000000,0.000000,10157.620000,0.750000,157.620000,1
2026-04-07,10157.520000,0.000000,0.000000,10157.520000,-0.100000,157.520000,1
2026-04-08,10158.010000,0.000000,0.000000,10158.010000,0.490000,158.010000,1
2026-04-09,10157.980000,0.000000,0.000000,10157.980000,-0.030000,157.980000,1
2026-04-10,10157.850000,0.000000,0.000000,10157.850000,-0.140000,157.850000,1
2026-04-11,10158.250000,0.000000,0.000000,10158.250000,0.410000,158.250000,1
2026-04-12,10158.240000,0.000000,0.000000,10158.240000,-0.010000,158.240000,1
2026-04-13,10158.350000,0.000000,0.000000,10158.350000,0.110000,158.350000,1
2026-04-14,10158.430000,0.000000,0.000000,10158.430000,0.080000,158.430000,1
2026-04-15,10158.870000,0.000000,0.000000,10158.870000,0.440000,158.870000,1
2026-04-16,10159.500000,0.000000,0.000000,10159.500000,0.620000,159.500000,1
2026-04-17,10160.080000,0.000000,0.000000,10160.080000,0.580000,160.080000,1
2026-04-18,10160.300000,0.000000,0.000000,10160.300000,0.220000,160.300000,1
2026-04-19,10160.810000,0.000000,0.000000,10160.810000,0.520000,160.810000,1
2026-04-20,10161.070000,0.000000,0.000000,10161.070000,0.260000,161.070000,1
2026-04-21,10161.350000,0.000000,0.000000,10161.350000,0.270000,161.350000,1
2026-04-22,10161.330000,0.000000,0.000000,10161.330000,-0.010000,161.330000,1
2026-04-23,10161.480000,0.000000,0.000000,10161.480000,0.150000,161.480000,1
2026-04-24,10166.490000,0.000000,0.000000,10166.490000,5.010000,166.490000,1
2026-04-25,10167.350000,0.000000,0.000000,10167.350000,0.860000,167.350000,1
2026-04-26,10167.310000,0.000000,0.000000,10167.310000,-0.040000,167.310000,1
2026-04-27,10178.910000,0.000000,0.000000,10178.910000,11.600000,178.910000,1
2026-04-28,10182.710000,0.000000,0.000000,10182.710000,3.800000,182.710000,1
2026-04-29,10183.370000,0.000000,0.000000,10183.370000,0.670000,183.370000,1
2026-04-30,10183.080000,0.000000,0.000000,10183.080000,-0.290000,183.080000,1
2026-05-01,10183.270000,0.000000,0.000000,10183.270000,0.190000,183.270000,1
2026-05-02,10184.720000,0.000000,0.000000,10184.720000,1.440000,184.720000,1
2026-05-03,10185.210000,0.000000,0.000000,10185.210000,0.490000,185.210000,1
2026-05-04,10185.480000,0.000000,0.000000,10185.480000,0.270000,185.480000,1
2026-05-05,10186.860000,0.000000,0.000000,10186.860000,1.380000,186.860000,1
2026-05-06,10186.740000,0.000000,0.000000,10186.740000,-0.120000,186.740000,1
2026-05-07,10187.060000,0.000000,0.000000,10187.060000,0.320000,187.060000,1
2026-05-08,10187.390000,0.000000,0.000000,10187.390000,0.330000,187.390000,1
2026-05-09,10187.680000,0.000000,0.000000,10187.680000,0.280000,187.680000,1
2026-05-10,10187.810000,0.000000,0.000000,10187.810000,0.140000,187.810000,1
2026-05-11,10189.570000,0.000000,0.000000,10189.570000,1.760000,189.570000,1
2026-05-12,10190.460000,0.000000,0.000000,10190.460000,0.890000,190.460000,1
2026-05-13,10191.000000,0.000000,0.000000,10191.000000,0.540000,191.000000,1
2026-05-14,10191.280000,0.000000,0.000000,10191.280000,0.280000,191.280000,1
2026-05-15,10191.270000,0.000000,0.000000,10191.270000,-0.010000,191.270000,1
2026-05-16,10191.200000,0.000000,0.000000,10191.200000,-0.080000,191.200000,1
2026-05-17,10191.080000,0.000000,0.000000,10191.080000,-0.120000,191.080000,1
2026-05-18,10190.990000,0.000000,0.000000,10190.990000,-0.090000,190.990000,1
2026-05-19,10191.380000,0.000000,0.000000,10191.380000,0.390000,191.380000,1
2026-05-20,10191.760000,0.000000,0.000000,10191.760000,0.380000,191.760000,1
2026-05-21,10191.780000,0.000000,0.000000,10191.780000,0.020000,191.780000,1
2026-05-22,10192.020000,0.000000,0.000000,10192.020000,0.240000,192.020000,1
2026-05-23,10192.050000,0.000000,0.000000,10192.050000,0.030000,192.050000,1
2026-05-24,10192.480000,0.000000,0.000000,10192.480000,0.430000,192.480000,1
2026-05-25,10192.810000,0.000000,0.000000,10192.810000,0.330000,192.810000,1
2026-05-26,10193.360000,0.000000,0.000000,10193.360000,0.550000,193.360000,1
2026-05-27,10193.750000,0.000000,0.000000,10193.750000,0.390000,193.750000,1
2026-05-28,10194.650000,0.000000,0.000000,10194.650000,0.900000,194.650000,1
2026-05-29,10195.290000,0.000000,0.000000,10195.290000,0.640000,195.290000,1
2026-05-30,10195.380000,0.000000,0.000000,10195.380000,0.090000,195.380000,1
2026-05-31,10195.840000,0.000000,0.000000,10195.840000,0.460000,195.840000,1
2026-06-01,10196.490000,0.000000,0.000000,10196.490000,0.660000,196.490000,1
2026-06-02,10196.700000,0.000000,0.000000,10196.700000,0.210000,196.700000,1
2026-06-03,10196.990000,0.000000,0.000000,10196.990000,0.290000,196.990000,1
2026-06-04,10197.060000,0.000000,0.000000,10197.060000,0.070000,197.060000,1
2026-06-05,10196.960000,0.000000,0.000000,10196.960000,-0.100000,196.960000,1
2026-06-06,10197.140000,0.000000,0.000000,10197.140000,0.180000,197.140000,1
2026-06-07,10197.080000,0.000000,0.000000,10197.080000,-0.060000,197.080000,1
2026-06-08,10197.150000,0.000000,0.000000,10197.150000,0.070000,197.150000,1
2026-06-09,10197.300000,0.000000,0.000000,10197.300000,0.140000,197.300000,1
2026-06-10,10197.450000,0.000000,0.000000,10197.450000,0.150000,197.450000,1
2026-06-11,10197.950000,0.000000,0.000000,10197.950000,0.500000,197.950000,1
2026-06-12,10198.040000,0.000000,0.000000,10198.040000,0.090000,198.040000,1
2026-06-13,10198.210000,0.000000,0.000000,10198.210000,0.170000,198.210000,1
2026-06-14,10198.280000,0.000000,0.000000,10198.280000,0.060000,198.280000,1
2026-06-15,10198.560000,0.000000,0.000000,10198.560000,0.280000,198.560000,1
2026-06-16,10198.580000,0.000000,0.000000,10198.580000,0.020000,198.580000,1
2026-06-17,10198.750000,0.000000,0.000000,10198.750000,0.170000,198.750000,1
2026-06-18,10199.340000,0.000000,0.000000,10199.340000,0.580000,199.340000,1
2026-06-19,10199.530000,0.000000,0.000000,10199.530000,0.190000,199.530000,1
2026-06-20,10199.250000,0.000000,0.000000,10199.250000,-0.280000,199.250000,1
2026-06-21,10199.460000,0.000000,0.000000,10199.460000,0.210000,199.460000,1
2026-06-22,10199.930000,0.000000,0.000000,10199.930000,0.480000,199.930000,1
2026-06-23,10199.900000,0.000000,0.000000,10199.900000,-0.030000,199.900000,1
2026-06-24,10199.970000,0.000000,0.000000,10199.970000,0.070000,199.970000,1
2026-06-25,10200.070000,0.000000,0.000000,10200.070000,0.090000,200.070000,1
2026-06-26,10200.040000,0.000000,0.000000,10200.040000,-0.030000,200.040000,1
2026-06-27,10199.900000,0.000000,0.000000,10199.900000,-0.140000,199.900000,1
