date,close,open,high,low,volume
2026-06-04,139.4499969482422,139.60000610351562,140.77000427246094,137.6999969482422,2278200.0
2026-06-05,133.0399932861328,139.85000610351562,140.32000732421875,132.17999267578125,1546714.0
2026-06-08,134.80999755859375,133.66000366210938,137.80999755859375,132.9499969482422,1889640.0
2026-06-09,133.3300018310547,134.35000610351562,136.18499755859375,130.3300018310547,1355216.0
2026-06-10,129.3000030517578,131.97999572753906,133.3800048828125,129.0399932861328,1013610.0
2026-06-11,129.1300048828125,128.42999267578125,130.02000427246094,126.31999969482422,1672729.0
2026-06-12,132.19000244140625,129.1300048828125,133.0399932861328,127.36000061035156,2582632.0
2026-06-15,131.3000030517578,134.08309936523438,135.8000030517578,131.10000610351562,2741481.0
2026-06-16,130.08999633789062,131.5,132.86000061035156,128.76499938964844,1332881.0
